specie_A,specie_B,correlation
AKT1,CAMK1,0.866666666666667
AKT1,CAMK4,0.783333333333333
AKT1,PRKAA1,0.8000000000000003
AKT1,PRKAA2,0.7999999999999996
AKT2,CAMK1,0.766666666666667
AKT2,CAMK4,0.716666666666667
AKT2,MAPKAPK2,0.7583333333333331
AKT2,PAK2,0.7142857142857139
AKT2,PRKAA2,0.742857142857143
AKT2,PRKCD,0.833333333333333
AKT3,CAMK1,0.85
AKT3,CAMK4,0.8
AKT3,MAP3K7,0.9
AKT3,MAPK7,-0.8
AKT3,MAPKAPK2,0.7583333333333331
AKT3,PRKAA2,0.7714285714285714
AKT3,PRKAB1,0.7361111111111105
AKT3,PRKCA,0.7986111111111107
AKT3,PRKCB,0.816666666666667
AKT3,PRKCD,0.816666666666667
AKT3,PRKCG,0.733333333333333
AKT3,RPS6KB2,0.708333333333333
ATM,MTOR,0.816666666666667
AURKB,AKT1,0.816666666666667
AURKB,CAMK2A,0.85
AURKB,CDK1,-0.7049999999999997
AURKB,CDK12,-0.8
AURKB,CDK2,-0.916666666666667
AURKB,CSNK1A1,-0.833333333333333
AURKB,DYRK1A,0.833333333333333
AURKB,MAPK1,-0.766666666666667
AURKB,MAPK3,-0.866666666666667
AURKB,MAPK8,-0.716666666666667
AURKB,MAPKAPK2,0.766666666666667
AURKB,PDPK1,0.766666666666667
AURKB,PKN1,0.733333333333333
AURKB,PRKAA1,0.933333333333333
AURKB,PRKAB1,0.733333333333333
AURKB,PRKAG2,0.816666666666667
AURKB,PRKCQ,0.883333333333333
AURKB,ROCK1,0.7066666666666664
CAMK1,PRKAA2,0.7200000000000001
CAMK2D,CDK16,-0.866666666666667
CAMK2D,PRKG1,-0.783333333333333
CDK1,AKT1,-0.766666666666667
CDK1,CAMK2A,-0.8
CDK1,MARK1,-0.783333333333333
CDK1,PRKAA1,-0.75
CDK1,PRKACA,-0.833333333333333
CDK1,PRKAG2,-0.766666666666667
CDK1,PRKCE,-0.8027777777777777
CDK12,PRKAA1,-0.733333333333333
CDK13,MAPK14,0.733333333333333
CDK17,MAPK11,-0.733333333333333
CDK17,MTOR,-0.733333333333333
CDK17,PRKG1,0.783333333333333
CDK17,PRKX,0.716666666666667
CDK18,MAPK14,0.733333333333333
CDK19,MAPK14,0.733333333333333
CDK2,AKT1,-0.716666666666667
CDK2,CAMK2A,-0.766666666666667
CDK2,CSNK1A1,0.833333333333333
CDK2,PRKAA1,-0.883333333333333
CDK2,PRKACA,-0.766666666666667
CDK2,PRKAG2,-0.716666666666667
CDK2,PRKCQ,-0.8
CDK20,MAPK14,0.733333333333333
CDK3,PIM2,0.883333333333333
CDK5,PIM2,0.716666666666667
CDK5R1,CAMK1,0.816666666666667
CDK5R1,CAMK4,0.8
CDK5R1,PRKCA,0.85
CDK5R1,PRKCB,0.733333333333333
CDK5R1,PRKCE,0.783333333333333
CDK5R1,PRKCG,0.866666666666667
CDK6,CAMK2D,-0.8
CDK6,MAPK11,-0.766666666666667
CDK6,MAPK14,0.716666666666667
CDK6,PRKG1,0.916666666666667
CDK6,PRKG2,0.766666666666667
CDK8,MAPK14,0.733333333333333
CDK9,CHEK1,-0.733333333333333
CDK9,MAPK14,0.733333333333333
CDK9,PAK4,-0.816666666666667
CDK9,PKN1,-0.8
CHEK1,CDK7,-0.8
CLK2,RPS6KA4,0.75
CLK3,AKT2,-0.783333333333333
CLK3,AKT3,-0.766666666666667
CLK3,CAMK4,-0.716666666666667
CLK3,DYRK2,0.716666666666667
CLK3,MAP3K7,-0.8
CLK3,MAPKAPK2,-0.75
CLK3,PLK1,0.766666666666667
CLK3,RPS6KA3,-0.883333333333333
CLK3,RPS6KB2,-0.8
CSNK1A1,CDK12,0.8
CSNK1A1,CDK7,0.733333333333333
CSNK1A1,PAK2,-0.75
CSNK1A1,PRKAA1,-0.733333333333333
CSNK1A1,PRKCQ,-0.766666666666667
CSNK1A1,RPS6KA1,-0.733333333333333
CSNK1A1,RPS6KA4,-0.716666666666667
CSNK1D,AKT1,0.8
CSNK1D,CAMK1,0.816666666666667
CSNK1D,CAMK4,0.783333333333333
CSNK1D,PRKAA2,0.716666666666667
CSNK1D,PRKACA,0.783333333333333
CSNK1D,PRKAG2,0.8
CSNK1D,PRKCB,0.883333333333333
CSNK2A1,PAK2,-0.733333333333333
CSNK2A2,CAMK2D,0.8
DYRK1A,AKT1,0.816666666666667
DYRK1A,CAMK2A,0.783333333333333
DYRK1A,CDK1,-0.933333333333333
DYRK1A,MAPK3,-0.9
DYRK1A,MARK1,0.716666666666667
DYRK1A,PKN1,0.75
DYRK1A,PRKAA1,0.816666666666667
DYRK1A,PRKACA,0.816666666666667
DYRK1A,PRKAG2,0.816666666666667
DYRK1A,PRKCB,0.75
DYRK1A,PRKCQ,0.766666666666667
DYRK1A,SGK1,0.8
GSK3A,CSNK2A2,0.716666666666667
GSK3A,MAPK3,-0.716666666666667
MAP3K7,AKT2,0.916666666666667
MAP3K7,CAMK1,0.833333333333333
MAP3K7,CAMK2A,0.783333333333333
MAP3K7,CAMK4,0.8
MAP3K7,MAPKAPK2,0.85
MAP3K7,PAK2,0.733333333333333
MAP3K7,PRKACA,0.733333333333333
MAP3K7,PRKCA,0.733333333333333
MAP3K7,PRKCD,0.9
MAP3K7,RPS6KA1,0.716666666666667
MAP3K7,RPS6KA4,0.816666666666667
MAP3K7,RPS6KB2,0.933333333333333
MAPK1,PRKAA1,-0.8
MAPK10,RET,-0.85
MAPK12,PRKCE,0.733333333333333
MAPK13,MTOR,0.916666666666667
MAPK13,PRKG1,-0.716666666666667
MAPK13,SGK1,-0.783333333333333
MAPK14,CDK10,0.733333333333333
MAPK14,CDK11B,0.733333333333333
MAPK14,CDK3,0.766666666666667
MAPK14,PIM2,0.766666666666667
MAPK3,AKT1,-0.8114035087719296
MAPK3,CAMK2A,-0.783333333333333
MAPK3,PRKAA1,-0.883333333333333
MAPK3,PRKACA,-0.8292682926829268
MAPK3,PRKAG2,-0.833333333333333
MAPK7,AKT1,-0.833333333333333
MAPK7,AKT2,-0.716666666666667
MAPK7,CAMK1,-0.833333333333333
MAPK7,CAMK4,-0.783333333333333
MAPK7,CSNK1D,-0.816666666666667
MAPK7,MAPKAPK2,-0.783333333333333
MAPK7,PDPK1,-0.716666666666667
MAPK7,PRKAA1,-0.716666666666667
MAPK7,PRKAA2,-0.883333333333333
MAPK7,PRKAB1,-0.883333333333333
MAPK7,PRKACA,-0.783333333333333
MAPK7,PRKAG2,-0.833333333333333
MAPK7,PRKCA,-0.833333333333333
MAPK8,AKT1,-0.733333333333333
MAPK8,PRKAA1,-0.783333333333333
MAPK8,PRKAG2,-0.733333333333333
MAPK9,PIM2,0.7222222222222223
MAPKAPK2,CAMK2A,0.7428571428571429
MAPKAPK2,CAMK4,0.7000000000000002
MAPKAPK2,PRKAA1,0.85
MAPKAPK2,PRKAA2,0.933333333333333
MAPKAPK2,PRKAG2,0.833333333333333
PAK4,CDK12,-0.75
PAK4,CHEK1,0.833333333333333
PDK1,CDK7,-0.716666666666667
PDK1,PRKDC,0.933333333333333
PDK1,RET,0.866666666666667
PDPK1,AKT1,0.85
PDPK1,CAMK1,0.916666666666667
PDPK1,CAMK2A,0.7575757575757572
PDPK1,CAMK4,0.866666666666667
PDPK1,CDK1,-0.75
PDPK1,MAP3K7,0.716666666666667
PDPK1,MAPKAPK2,0.75
PDPK1,PRKAA1,0.783333333333333
PDPK1,PRKAA2,0.816666666666667
PDPK1,PRKACA,0.7227272727272723
PDPK1,PRKAG2,0.85
PDPK1,PRKCA,0.85
PDPK1,PRKCB,0.8
PDPK1,PRKCE,0.75
PIM1,PAK2,0.833333333333333
PKN1,CDK1,-0.716666666666667
PKN1,CDK12,-0.733333333333333
PKN1,PAK4,0.766666666666667
PKN1,PRKCQ,0.75
PLK1,AKT2,-0.733333333333333
PLK1,CAMK1,-0.8
PLK1,CAMK4,-0.85
PLK1,CSNK2A1,0.766666666666667
PLK1,MAP3K7,-0.8
PLK1,PRKAA2,-0.733333333333333
PLK1,RPS6KB2,-0.866666666666667
PPP2CA,PAK1,0.75
PPP2CA,RET,-0.716666666666667
PPP2CB,CDK3,0.75
PPP2CB,MAPK9,0.816666666666667
PPP2CB,PIM2,0.816666666666667
PPP3CA,CDK1,0.833333333333333
PPP3CA,MAPK12,-0.7499999999999998
PPP3CA,PRKCG,-0.8
PPP3CA,PRKCZ,-0.85
PPP3CA,SGK1,-0.75
PPP3CA,SGK3,-0.716666666666667
PPP3CB,CDK1,0.833333333333333
PPP3CB,MAPK12,-0.7499999999999998
PPP3CB,PRKCG,-0.8
PPP3CB,PRKCZ,-0.85
PPP3CB,SGK1,-0.75
PPP3CB,SGK3,-0.716666666666667
PPP3CC,CDK1,0.833333333333333
PPP3CC,MAPK12,-0.7499999999999998
PPP3CC,PRKCG,-0.8
PPP3CC,PRKCZ,-0.85
PPP3CC,SGK1,-0.75
PPP3CC,SGK3,-0.716666666666667
PRKAA1,CAMK2A,0.7000000000000002
PRKAA2,CAMK4,0.7285714285714284
PRKAB1,AKT1,0.8194444444444439
PRKAB1,CAMK1,0.7200000000000001
PRKAB1,CAMK4,0.7142857142857139
PRKAB1,CSNK1D,0.816666666666667
PRKAB1,DYRK1A,0.733333333333333
PRKAB1,MAPK3,-0.733333333333333
PRKAB1,MAPKAPK2,0.866666666666667
PRKAB1,PDPK1,0.833333333333333
PRKAB1,PRKCA,0.8402777777777781
PRKAB1,PRKCB,0.966666666666667
PRKAB1,SGK1,0.816666666666667
PRKAB2,AURKB,0.816666666666667
PRKAB2,CDK1,-0.766666666666667
PRKAB2,CDK2,-0.716666666666667
PRKAB2,CSNK1D,0.8
PRKAB2,DYRK1A,0.816666666666667
PRKAB2,MAPK3,-0.833333333333333
PRKAB2,MAPK7,-0.833333333333333
PRKAB2,MAPK8,-0.733333333333333
PRKAB2,MAPKAPK2,0.833333333333333
PRKAB2,PDPK1,0.85
PRKAB2,PRKCA,0.7703703703703708
PRKAB2,PRKCB,0.95
PRKAB2,PRKCG,0.883333333333333
PRKAB2,PRKCZ,0.816666666666667
PRKAB2,SGK1,0.85
PRKAB2,SGK3,0.866666666666667
PRKACA,CAMK1,0.9
PRKACA,PRKAA1,0.7859649122807018
PRKACA,PRKCB,0.7971014492753622
PRKAG1,AURKB,0.816666666666667
PRKAG1,CDK1,-0.766666666666667
PRKAG1,CDK2,-0.716666666666667
PRKAG1,CSNK1D,0.8
PRKAG1,DYRK1A,0.816666666666667
PRKAG1,MAPK3,-0.833333333333333
PRKAG1,MAPK7,-0.833333333333333
PRKAG1,MAPK8,-0.733333333333333
PRKAG1,MAPKAPK2,0.833333333333333
PRKAG1,PDPK1,0.85
PRKAG1,PRKCA,0.7703703703703708
PRKAG1,PRKCB,0.95
PRKAG1,PRKCG,0.883333333333333
PRKAG1,PRKCZ,0.816666666666667
PRKAG1,SGK1,0.85
PRKAG1,SGK3,0.866666666666667
PRKAG3,AURKB,0.816666666666667
PRKAG3,CDK1,-0.766666666666667
PRKAG3,CDK2,-0.716666666666667
PRKAG3,CSNK1D,0.8
PRKAG3,DYRK1A,0.816666666666667
PRKAG3,MAPK3,-0.833333333333333
PRKAG3,MAPK7,-0.833333333333333
PRKAG3,MAPK8,-0.733333333333333
PRKAG3,MAPKAPK2,0.833333333333333
PRKAG3,PDPK1,0.85
PRKAG3,PRKCA,0.7703703703703708
PRKAG3,PRKCB,0.95
PRKAG3,PRKCG,0.883333333333333
PRKAG3,PRKCZ,0.816666666666667
PRKAG3,SGK1,0.85
PRKAG3,SGK3,0.866666666666667
PRKCA,AKT1,0.798245614035088
PRKCA,CSNK1D,0.9
PRKCA,PRKAA2,0.8047619047619051
PRKCA,PRKACA,0.7463414634146343
PRKCA,PRKAG2,0.7703703703703708
PRKCB,AKT1,0.8673913043478261
PRKCB,CAMK1,0.7066666666666664
PRKCB,MAPKAPK2,0.703125
PRKCB,PRKAA1,0.7736842105263161
PRKCB,PRKAA2,0.883333333333333
PRKCB,PRKAG2,0.95
PRKCE,CSNK1D,0.783333333333333
PRKCG,AKT1,0.8281249999999997
PRKCG,CDK1,-0.7187500000000003
PRKCG,CSNK1D,0.916666666666667
PRKCG,DYRK1A,0.783333333333333
PRKCG,GSK3B,0.833333333333333
PRKCG,MAPK12,0.766666666666667
PRKCG,MAPK7,-0.766666666666667
PRKCG,PDPK1,0.866666666666667
PRKCG,PRKAA1,0.733333333333333
PRKCG,PRKAA2,0.816666666666667
PRKCG,PRKAB1,0.9
PRKCG,PRKACA,0.7291666666666664
PRKCG,PRKAG2,0.883333333333333
PRKCG,SGK1,0.733333333333333
PRKCG,SGK3,0.716666666666667
PRKCQ,CDK12,-0.916666666666667
PRKCQ,PRKAA1,0.75
PRKCZ,AKT1,0.816666666666667
PRKCZ,AURKB,0.716666666666667
PRKCZ,CAMK2A,0.716666666666667
PRKCZ,CDK1,-0.933333333333333
PRKCZ,DYRK1A,0.7733333333333337
PRKCZ,GSK3B,0.716666666666667
PRKCZ,MAPK3,-0.708333333333333
PRKCZ,MARK1,0.716666666666667
PRKCZ,PRKAA1,0.766666666666667
PRKCZ,PRKAB1,0.75
PRKCZ,PRKACA,0.816666666666667
PRKCZ,PRKAG2,0.816666666666667
PRKCZ,PRKCE,0.716666666666667
PRKCZ,SGK1,0.866666666666667
PRKCZ,SGK3,0.883333333333333
PRKD1,CDK7,-0.816666666666667
PRKD1,CSNK1A1,-0.75
PRKD1,CSNK2A1,-0.733333333333333
PRKD1,PAK2,0.9
PRKD1,RPS6KA1,0.8020833333333336
PRKD1,RPS6KA4,0.708333333333333
PRKD1,RPS6KB1,0.7892857142857143
PRKG1,CDK16,0.85
PRKG1,MAPK11,-0.866666666666667
PRKG1,MAPK9,0.716666666666667
PRKG2,CAMK2D,-0.733333333333333
PRKG2,CDK16,0.733333333333333
PRKG2,CSNK2A1,-0.833333333333333
PRKG2,CSNK2A2,-0.766666666666667
PRKG2,MAP3K7,0.833333333333333
PRKG2,MAPK11,-0.8
PRKG2,PLK1,-0.8
PRKX,CDK6,0.716666666666667
PRKX,MAPK13,-0.966666666666667
PRKX,MTOR,-0.85
PRKX,SGK1,0.8
PRKY,CDK16,0.766666666666667
PRKY,CDK17,0.8
PRKY,CDK6,0.7738095238095236
PRKY,MAPK13,-0.916666666666667
PRKY,MTOR,-0.833333333333333
RAF1,PAK2,0.85
RET,PRKAA2,0.733333333333333
RET,PRKDC,0.75
ROCK1,CDK12,-0.733333333333333
ROCK1,CDK2,-0.933333333333333
ROCK1,MAPK1,-0.85
ROCK1,MAPK3,-0.816666666666667
ROCK1,MAPK8,-0.733333333333333
ROCK1,PRKAA1,0.85
ROCK1,PRKCQ,0.833333333333333
RPS6KA1,CSNK2A1,-0.766666666666667
RPS6KA2,CSNK2A1,-0.783333333333333
RPS6KA2,MAP2K1,0.733333333333333
RPS6KA2,MAP3K7,0.733333333333333
RPS6KA3,MAP3K7,0.966666666666667
RPS6KA3,MAPKAPK2,0.7933333333333333
RPS6KA3,PDPK1,0.75
RPS6KA3,PLK1,-0.8
RPS6KA3,PRKAA2,0.7273809523809521
RPS6KA3,PRKCD,0.7466666666666665
RPS6KA3,PRKG2,0.733333333333333
RPS6KA3,RPS6KB2,0.7222222222222223
RPS6KA4,CSNK2A1,-0.7027777777777782
RPS6KA4,MAPKAPK2,0.733333333333333
RPS6KA5,CAMK2A,0.716666666666667
RPS6KA5,CSNK1A1,-0.766666666666667
RPS6KA5,MAP3K7,0.9
RPS6KA5,MAPKAPK2,0.816666666666667
RPS6KA5,RPS6KB2,0.783333333333333
RPS6KA6,CSNK2A1,-0.75
RPS6KA6,MAP2K1,0.716666666666667
RPS6KB1,CSNK2A1,-0.733333333333333
RPS6KB2,AKT2,0.7222222222222223
RPS6KB2,CSNK2A1,-0.766666666666667
RPS6KB2,PRKAA2,0.733333333333333
RPS6KB2,PRKCD,0.733333333333333
RSKR,CSNK2A1,-0.75
RSKR,MAP2K1,0.716666666666667
SGK1,CLK2,0.766666666666667
SGK1,MAPK3,-0.75
SGK1,PRKAA1,0.766666666666667
SGK1,PRKAG2,0.85
SGK1,PRKCB,0.85
SGK2,AURKB,0.716666666666667
SGK2,CDK1,-0.8
SGK2,DYRK1A,0.916666666666667
SGK2,GSK3A,0.783333333333333
SGK2,MAPK3,-0.9
SGK2,MAPK8,-0.75
SGK2,PPP3CA,-0.8
SGK2,PPP3CB,-0.8
SGK2,PPP3CC,-0.8
SGK2,PRKAA1,0.8
SGK2,PRKAB1,0.75
SGK2,PRKAB2,0.833333333333333
SGK2,PRKAG1,0.833333333333333
SGK2,PRKAG2,0.833333333333333
SGK2,PRKAG3,0.833333333333333
SGK2,PRKCB,0.766666666666667
SGK2,PRKCG,0.733333333333333
SGK2,PRKCZ,0.916666666666667
SGK3,CDK1,-0.733333333333333
SGK3,CLK2,0.75
SGK3,DYRK1A,0.866666666666667
SGK3,GSK3A,0.733333333333333
SGK3,MAPK3,-0.883333333333333
SGK3,MAPK8,-0.766666666666667
SGK3,PRKAA1,0.833333333333333
SGK3,PRKAB1,0.8
SGK3,PRKACA,0.7145833333333336
SGK3,PRKAG2,0.866666666666667
SGK3,PRKCB,0.8
PAK2,acetylcarnitine,0.766666666666667
PAK2,adenine,-0.783333333333333
PAK2,choline,0.916666666666667
PRKCD,choline,0.8
PIM2,linoleic acid,0.766666666666667
PIM2,myristic_acid,0.85
PIM2,oleic_acid,0.85
PIM2,palmitic_acid,0.816666666666667
PIM2,palmitoleic acid,0.916666666666667
PIM2,stearic acid,0.75
PIM2,KIV,0.75
PIM2,creatinine,0.85
PIM2,3-hydroxybutyrate,0.766666666666667
PIM2,lactate,-0.8
PIM2,urea,0.85
PIM2,sorbitol,0.783333333333333
PIM2,glucose,0.816666666666667
PIM2,glycine,0.716666666666667
PIM2,glutamate,-0.85
PIM2,succinate,-0.833333333333333
PIM2,fructose 6-phosphate,-0.733333333333333
PIM2,glucose 6-phosphate,-0.783333333333333
PIM2,uric acid,0.85
CAMK2A,inosine,0.833333333333333
CAMK2A,nicotinamide/picolinamide,0.766666666666667
CAMK2A,hypoxanthine,0.75
CAMK2A,kynurenine,0.833333333333333
CAMK2A,serine,-0.733333333333333
CAMK2A,aKG,-0.866666666666667
CAMK2A,uridine,0.75
CSNK2A1,d8-valine,-0.716666666666667
CSNK2A1,choline,-0.8
CSNK2A1,lysine,0.766666666666667
CSNK2A1,arginine,0.766666666666667
CDK7,adenosine,0.85
CDK7,aspartate,0.733333333333333
PRKAG2,nicotinamide/picolinamide,0.9
PRKAG2,butyrylcarnitine,-0.766666666666667
PRKAG2,hypoxanthine,0.766666666666667
PRKAA1,inosine,0.75
PRKAA1,nicotinamide/picolinamide,0.95
PRKAA1,butyrylcarnitine,-0.766666666666667
PRKAA1,hypoxanthine,0.833333333333333
PRKAA1,kynurenine,0.733333333333333
CDK12,gluconate,-0.766666666666667
CDK12,GSSG,0.716666666666667
CAMK4,inosine,0.733333333333333
CAMK4,taurine,0.783333333333333
PRKAA2,inosine,0.716666666666667
PRKAA2,nicotinamide/picolinamide,0.8
PRKAA2,hypoxanthine,0.816666666666667
MAPKAPK2,inosine,0.75
MAPKAPK2,nicotinamide/picolinamide,0.733333333333333
MAPKAPK2,hypoxanthine,0.783333333333333
MAPKAPK2,choline,0.733333333333333
CAMK1,inosine,0.75
CAMK1,hypoxanthine,0.733333333333333
CAMK1,taurine,0.733333333333333
RPS6KB1,acetylcarnitine,0.8
RPS6KB1,adenine,-0.75
RPS6KB1,choline,0.916666666666667
RPS6KB1,arginine,-0.733333333333333
AKT1,nicotinamide/picolinamide,0.9
AKT1,butyrylcarnitine,-0.766666666666667
AKT1,hypoxanthine,0.766666666666667
PRKCB,nicotinamide/picolinamide,0.75
PRKCB,cytidine,0.716666666666667
MAPK11,inosine,-0.783333333333333
MAPK11,palmitoylcarnitine,0.75
MAPK11,guanosine,-0.966666666666667
MAPK11,alanine,0.733333333333333
MAPK11,uridine,-0.816666666666667
RAF1,adenine,-0.816666666666667
RAF1,GMP,-0.716666666666667
RAF1,CMP,-0.733333333333333
CDK11B,3-hydroxybutyrate,0.8
CDK11B,lactate,-0.8
CDK11B,gluconate,-0.716666666666667
CDK11B,glycine,0.866666666666667
CDK11B,glucose 6-phosphate,-0.733333333333333
GSK3B,S-Adenosyl-Methionine,-0.766666666666667
GSK3B,aconitate,-0.866666666666667
AKT2,choline,0.833333333333333
AKT2,uridine,0.733333333333333
PRKCQ,kynurenine,0.766666666666667
PRKCQ,gluconate,0.783333333333333
PRKCQ,aKG,-0.716666666666667
RPS6KA1,acetylcarnitine,0.833333333333333
RPS6KA1,adenine,-0.733333333333333
RPS6KA1,choline,0.933333333333333
RPS6KA1,uridine,0.716666666666667
RPS6KA1,arginine,-0.716666666666667
CHEK1,GDP,-0.733333333333333
PRKACA,inosine,0.8
PRKACA,nicotinamide/picolinamide,0.883333333333333
PRKACA,butyrylcarnitine,-0.85
PRKACA,hypoxanthine,0.8
PRKACA,kynurenine,0.766666666666667
PRKACA,aKG,-0.75
MARK1,GABA,0.716666666666667
MARK1,aconitate,-0.716666666666667
MARK1,arginine,0.8
MARK1,Carbamoyl_phosphate,-0.75
MAPK3,nicotinamide/picolinamide,-0.866666666666667
MAPK3,butyrylcarnitine,0.8
MAPK3,kynurenine,-0.883333333333333
MAPK3,aKG,0.816666666666667
CSNK1D,taurine,0.766666666666667
CSNK1D,S-Adenosyl-Methionine,-0.75
CSNK1D,aconitate,-0.733333333333333
CDK16,d8-valine,0.783333333333333
CDK16,linoleic acid,0.933333333333333
CDK16,oleic_acid,0.9
CDK16,palmitic_acid,0.966666666666667
CDK16,palmitoleic acid,0.816666666666667
CDK16,stearic acid,0.9
CDK16,creatinine,0.9
CDK16,3-hydroxybutyrate,0.933333333333333
CDK16,propionylcarnitine,-0.916666666666667
CDK16,urea,0.766666666666667
CDK16,isoleucine,0.816666666666667
CDK16,carnitine,-0.783333333333333
CDK16,argininosuccinate,-0.716666666666667
CDK16,glucose,0.966666666666667
CDK16,glycine,0.933333333333333
CDK16,fructose 6-phosphate,-0.916666666666667
CDK16,uric acid,0.766666666666667
CDK3,linoleic acid,0.716666666666667
CDK3,myristic_acid,0.75
CDK3,oleic_acid,0.716666666666667
CDK3,palmitic_acid,0.816666666666667
CDK3,palmitoleic acid,0.85
CDK3,stearic acid,0.733333333333333
CDK3,KIV,0.75
CDK3,creatinine,0.716666666666667
CDK3,3-hydroxybutyrate,0.733333333333333
CDK3,lactate,-0.8
CDK3,argininosuccinate,-0.716666666666667
CDK3,glucose,0.766666666666667
CDK3,glycine,0.8
CDK3,succinate,-0.783333333333333
CDK3,fructose 6-phosphate,-0.766666666666667
RPS6KA4,acetylcarnitine,0.75
RPS6KA4,adenine,-0.75
RPS6KA4,hypoxanthine,0.716666666666667
RPS6KA4,choline,0.933333333333333
RPS6KA4,uridine,0.783333333333333
PRKCE,taurine,0.783333333333333
PRKCE,AMP,0.8
PRKCE,aconitate,-0.866666666666667
RPS6KB2,inosine,0.783333333333333
RPS6KB2,alanine,-0.716666666666667
RPS6KB2,choline,0.716666666666667
RPS6KB2,uridine,0.783333333333333
RPS6KB2,ornithine,-0.75
MAPK9,d8-valine,0.716666666666667
MAPK9,linoleic acid,0.833333333333333
MAPK9,myristic_acid,0.983333333333333
MAPK9,oleic_acid,0.883333333333333
MAPK9,palmitic_acid,0.85
MAPK9,palmitoleic acid,0.983333333333333
MAPK9,stearic acid,0.783333333333333
MAPK9,KIV,0.816666666666667
MAPK9,pyruvate,0.716666666666667
MAPK9,creatinine,0.883333333333333
MAPK9,propionylcarnitine,-0.716666666666667
MAPK9,urea,0.85
MAPK9,isoleucine,0.766666666666667
MAPK9,acetylcholine,-0.716666666666667
MAPK9,sorbitol,0.816666666666667
MAPK9,argininosuccinate,-0.783333333333333
MAPK9,glucose,0.816666666666667
MAPK9,glycine,0.716666666666667
MAPK9,glutamate,-0.816666666666667
MAPK9,succinate,-0.833333333333333
MAPK9,fructose 6-phosphate,-0.833333333333333
MAPK9,glucose 6-phosphate,-0.75
MAPK9,uric acid,0.85
MAPK9,ornithine,-0.75
CDK1,kynurenine,-0.8
CDK1,aKG,0.75
CDK1,aconitate,0.833333333333333
PRKG1,d8-valine,0.75
PRKG1,linoleic acid,0.8
PRKG1,oleic_acid,0.75
PRKG1,palmitic_acid,0.783333333333333
PRKG1,palmitoleic acid,0.766666666666667
PRKG1,creatinine,0.75
PRKG1,propionylcarnitine,-0.85
PRKG1,glycerol,0.716666666666667
PRKG1,isoleucine,0.716666666666667
PRKG1,guanosine,0.916666666666667
PRKG1,glucose,0.8
PRKG1,glycine,0.783333333333333
PRKG1,alanine,-0.766666666666667
PRKG1,fructose 6-phosphate,-0.716666666666667
PRKG1,ornithine,-0.716666666666667
PAK4,GSSG,-0.783333333333333
MARK2,proline,0.716666666666667
CSNK1A1,nicotinamide/picolinamide,-0.75
CSNK1A1,hypoxanthine,-0.766666666666667
CSNK1A1,gluconate,-0.8
CAMK2D,d8-valine,-0.883333333333333
CAMK2D,linoleic acid,-0.933333333333333
CAMK2D,oleic_acid,-0.866666666666667
CAMK2D,palmitic_acid,-0.8
CAMK2D,creatinine,-0.866666666666667
CAMK2D,3-hydroxybutyrate,-0.733333333333333
CAMK2D,propionylcarnitine,0.75
CAMK2D,argininosuccinate,0.783333333333333
CAMK2D,glucose,-0.8
CAMK2D,glycine,-0.766666666666667
CAMK2D,ethanolamine,-0.75
CAMK2D,fructose 6-phosphate,0.716666666666667
PRKCA,taurine,0.733333333333333
CDK10,3-hydroxybutyrate,0.8
CDK10,lactate,-0.8
CDK10,gluconate,-0.716666666666667
CDK10,glycine,0.866666666666667
CDK10,glucose 6-phosphate,-0.733333333333333
PRKDC,oleylcarnitine,0.75
PRKDC,adenosine,-0.833333333333333
PRKDC,tyrosine,-0.733333333333333
PRKDC,2-HG,0.716666666666667
PRKDC,aspartate,-0.75
PRKD1,acetylcarnitine,0.816666666666667
PRKD1,choline,0.866666666666667
MAP3K7,inosine,0.766666666666667
MAP3K7,choline,0.8
MAP3K7,uridine,0.85
CLK2,nicotinamide/picolinamide,0.833333333333333
CLK2,adenine,-0.75
CLK2,hypoxanthine,0.716666666666667
SGK1,nicotinamide/picolinamide,0.85
SGK1,cytidine,0.866666666666667
MTOR,oleylcarnitine,0.75
MTOR,palmitoylcarnitine,0.85
MTOR,myristoylcarnitine,0.933333333333333
MTOR,isovalerylcarnitine,0.733333333333333
MTOR,glycerol,-0.783333333333333
MTOR,guanosine,-0.816666666666667
MTOR,GSH,0.733333333333333
MAPK8,KIV,0.75
MAPK8,nicotinamide/picolinamide,-0.833333333333333
MAPK8,butyrylcarnitine,0.733333333333333
MAPK8,hypoxanthine,-0.733333333333333
MAPK8,succinate,-0.75
MAPK1,KIV,0.833333333333333
MAPK1,nicotinamide/picolinamide,-0.783333333333333
MAPK1,butyrylcarnitine,0.766666666666667
MAPK1,pyruvate,0.766666666666667
MAPK1,kynurenine,-0.833333333333333
MAPK1,tryptophan,0.766666666666667
MAPK1,gluconate,-0.85
MAPK1,threonine,0.716666666666667
MAPK1,aKG,0.8
MAPK12,taurine,0.833333333333333
MAPK12,S-Adenosyl-Methionine,-0.8
MAPK12,aconitate,-0.85
PDPK1,inosine,0.733333333333333
PDPK1,nicotinamide/picolinamide,0.75
PDPK1,hypoxanthine,0.8
PDPK1,taurine,0.783333333333333
PDPK1,asparagine,-0.733333333333333
PDPK1,serine,-0.716666666666667
CDK4,linoleic acid,0.733333333333333
CDK4,oleic_acid,0.816666666666667
CDK4,palmitic_acid,0.75
CDK4,palmitoleic acid,0.716666666666667
CDK4,stearic acid,0.766666666666667
CDK4,creatinine,0.816666666666667
CDK4,urea,0.783333333333333
CDK4,isoleucine,0.766666666666667
CDK4,carnitine,-0.716666666666667
CDK4,acetylcholine,-0.816666666666667
CDK4,glucose,0.783333333333333
CDK4,fructose 6-phosphate,-0.75
CDK4,uric acid,0.783333333333333
CSNK2A2,d8-valine,-0.95
CSNK2A2,linoleic acid,-0.85
CSNK2A2,oleic_acid,-0.733333333333333
CSNK2A2,KIV,-0.75
CSNK2A2,creatinine,-0.733333333333333
CSNK2A2,argininosuccinate,0.883333333333333
CSNK2A2,ethanolamine,-0.916666666666667
MAPK14,myristic_acid,0.733333333333333
MAPK14,palmitoleic acid,0.8
MAPK14,lactate,-0.816666666666667
MAPK14,glycine,0.816666666666667
MAPK14,alanine,-0.8
MAPK14,succinate,-0.933333333333333
CDK2,inosine,-0.8
CDK2,nicotinamide/picolinamide,-0.866666666666667
CDK2,hypoxanthine,-0.816666666666667
CDK2,kynurenine,-0.733333333333333
CDK2,GSSG,0.75
RET,adenosine,-0.816666666666667
RET,tyrosine,-0.766666666666667
GSK3A,cytidine,0.733333333333333
GSK3A,argininosuccinate,0.716666666666667
GSK3A,aconitate,-0.716666666666667
GSK3A,citrate,-0.75
GSK3A,arginine,0.883333333333333
DYRK1A,nicotinamide/picolinamide,0.8
DYRK1A,kynurenine,0.733333333333333
DYRK1A,cytidine,0.75
DYRK1A,Carbamoyl_phosphate,-0.716666666666667
PLK1,inosine,-0.816666666666667
PLK1,hypoxanthine,-0.766666666666667
PLK1,alanine,0.783333333333333
PLK1,choline,-0.783333333333333
PLK1,uridine,-0.716666666666667
PLK1,lysine,0.733333333333333
CDK19,3-hydroxybutyrate,0.8
CDK19,lactate,-0.8
CDK19,gluconate,-0.716666666666667
CDK19,glycine,0.866666666666667
CDK19,glucose 6-phosphate,-0.733333333333333
CDK5,lactate,-0.866666666666667
ROCK1,nicotinamide/picolinamide,0.766666666666667
ROCK1,butyrylcarnitine,-0.8
ROCK1,hypoxanthine,0.716666666666667
ROCK1,kynurenine,0.833333333333333
ROCK1,gluconate,0.733333333333333
ROCK1,aKG,-0.8
ROCK1,GSSG,-0.783333333333333
PRKG2,d8-valine,0.716666666666667
PRKG2,inosine,0.716666666666667
PRKG2,linoleic acid,0.75
PRKG2,guanosine,0.833333333333333
PRKG2,alanine,-0.783333333333333
PRKG2,uridine,0.75
PRKG2,ornithine,-0.816666666666667
CDK9,succinate,-0.716666666666667
MAP2K1,acetylcarnitine,0.833333333333333
MAP2K1,glycerol,-0.75
MAP2K1,histidine,-0.916666666666667
MAP2K1,fumarate,0.783333333333333
MAP2K1,arginine,-0.733333333333333
PAK1,glutamine,0.75
PAK1,S-Adenosyl-Methionine,0.766666666666667
CDK6,linoleic acid,0.816666666666667
CDK6,oleic_acid,0.783333333333333
CDK6,palmitic_acid,0.85
CDK6,palmitoleic acid,0.766666666666667
CDK6,stearic acid,0.75
CDK6,creatinine,0.783333333333333
CDK6,3-hydroxybutyrate,0.816666666666667
CDK6,propionylcarnitine,-0.95
CDK6,isoleucine,0.8
CDK6,guanosine,0.833333333333333
CDK6,glucose,0.9
CDK6,glycine,0.933333333333333
CDK6,alanine,-0.733333333333333
CDK6,fructose 6-phosphate,-0.833333333333333
CDK8,3-hydroxybutyrate,0.8
CDK8,lactate,-0.8
CDK8,gluconate,-0.716666666666667
CDK8,glycine,0.866666666666667
CDK8,glucose 6-phosphate,-0.733333333333333
PRKAB1,nicotinamide/picolinamide,0.833333333333333
PRKAB1,hypoxanthine,0.733333333333333
PIM1,adenine,-0.866666666666667
RPS6KA3,choline,0.883333333333333
RPS6KA3,uridine,0.75
RPS6KA3,lysine,-0.716666666666667
SGK3,nicotinamide/picolinamide,0.9
SGK3,cytidine,0.833333333333333
ATM,oleylcarnitine,0.783333333333333
ATM,palmitoylcarnitine,0.816666666666667
ATM,myristoylcarnitine,0.783333333333333
ATM,glycerol,-0.766666666666667
ATM,proline,0.75
ATM,2-HG,0.8
ATM,aspartate,-0.716666666666667
MAPK13,myristoylcarnitine,0.8
MAPK13,isovalerylcarnitine,0.783333333333333
MAPK13,propionylcarnitine,0.816666666666667
MAPK13,isoleucine,-0.733333333333333
MAPK13,citrulline,-0.766666666666667
MAPK13,carnitine,0.733333333333333
MAPK13,guanosine,-0.783333333333333
MAPK13,GSH,0.716666666666667
MAPK13,N-acetylaspartate,-0.733333333333333
RPS6KA2,acetylcarnitine,0.8
RPS6KA2,choline,0.916666666666667
RPS6KA2,lysine,-0.716666666666667
RPS6KA2,arginine,-0.733333333333333
AURKB,inosine,0.716666666666667
AURKB,nicotinamide/picolinamide,0.866666666666667
AURKB,hypoxanthine,0.8
AURKB,kynurenine,0.783333333333333
AURKB,gluconate,0.716666666666667
AURKB,aKG,-0.766666666666667
PRKCZ,nicotinamide/picolinamide,0.75
PRKCZ,cytidine,0.866666666666667
PRKCZ,aconitate,-0.733333333333333
SRPK2,serine,0.833333333333333
SRPK2,S-Adenosyl-Methionine,0.733333333333333
SRPK2,UMP,-0.716666666666667
PRKX,myristoylcarnitine,-0.716666666666667
PRKX,isovalerylcarnitine,-0.883333333333333
PRKX,propionylcarnitine,-0.816666666666667
PRKX,isoleucine,0.766666666666667
PRKX,citrulline,0.733333333333333
PRKX,carnitine,-0.783333333333333
PRKX,N-acetylaspartate,0.733333333333333
PDK1,acetylcarnitine,0.733333333333333
PDK1,adenosine,-0.866666666666667
PDK1,adenine,-0.783333333333333
PDK1,tyrosine,-0.8
PDK1,aspartate,-0.716666666666667
PRKCG,aconitate,-0.716666666666667
CDK13,3-hydroxybutyrate,0.8
CDK13,lactate,-0.8
CDK13,gluconate,-0.716666666666667
CDK13,glycine,0.866666666666667
CDK13,glucose 6-phosphate,-0.733333333333333
MAPK10,myristic_acid,0.833333333333333
MAPK10,palmitoleic acid,0.816666666666667
MAPK10,KIV,0.716666666666667
MAPK10,pyruvate,0.75
MAPK10,adenosine,0.733333333333333
MAPK10,succinate,-0.783333333333333
MAPK10,fructose 6-phosphate,-0.733333333333333
CDK20,3-hydroxybutyrate,0.8
CDK20,lactate,-0.8
CDK20,gluconate,-0.716666666666667
CDK20,glycine,0.866666666666667
CDK20,glucose 6-phosphate,-0.733333333333333
AKT3,choline,0.716666666666667
RPS6KA5,nicotinamide/picolinamide,0.75
RPS6KA5,hypoxanthine,0.716666666666667
RPS6KA5,gluconate,0.733333333333333
RPS6KA5,choline,0.8
RPS6KA5,uridine,0.866666666666667
PPP2CA,pyruvate,0.75
PPP2CA,phenylalanine,0.733333333333333
PPP2CA,leucine,0.85
PPP2CA,methionine,0.833333333333333
PPP2CA,tryptophan,0.766666666666667
PPP2CA,citrulline,0.8
PPP2CA,tyrosine,0.9
PPP2CA,histidine,0.816666666666667
PPP2CA,glutamine,0.766666666666667
PPP2CA,asparagine,0.866666666666667
PPP2CA,threonine,0.8
PPP2CA,S-(2-Succinyl)cysteine,-0.716666666666667
PPP2CA,malate,-0.866666666666667
PPP2CA,fumarate,-0.85
PPP2CA,GDP,-0.75
PRKAG3,nicotinamide/picolinamide,0.9
PRKAG3,butyrylcarnitine,-0.766666666666667
PRKAG3,hypoxanthine,0.766666666666667
PRKAB2,nicotinamide/picolinamide,0.9
PRKAB2,butyrylcarnitine,-0.766666666666667
PRKAB2,hypoxanthine,0.766666666666667
PRKAG1,nicotinamide/picolinamide,0.9
PRKAG1,butyrylcarnitine,-0.766666666666667
PRKAG1,hypoxanthine,0.766666666666667
PPP3CA,aconitate,0.816666666666667
PPP3CC,aconitate,0.816666666666667
PPP3CB,aconitate,0.816666666666667
CDK5R1,taurine,0.866666666666667
CDK5R1,aconitate,-0.783333333333333
PPP2CB,myristic_acid,0.866666666666667
PPP2CB,palmitoleic acid,0.85
PPP2CB,acetylcarnitine,-0.75
PPP2CB,leucine,0.75
PPP2CB,urea,0.866666666666667
PPP2CB,isoleucine,0.733333333333333
PPP2CB,methionine,0.816666666666667
PPP2CB,tryptophan,0.733333333333333
PPP2CB,citrulline,0.8
PPP2CB,tyrosine,0.75
PPP2CB,sorbitol,0.816666666666667
PPP2CB,histidine,0.783333333333333
PPP2CB,threonine,0.75
PPP2CB,succinate,-0.766666666666667
PPP2CB,malate,-0.85
PPP2CB,fumarate,-0.916666666666667
PPP2CB,glucose 6-phosphate,-0.733333333333333
PPP2CB,uric acid,0.866666666666667
SGK2,nicotinamide/picolinamide,0.866666666666667
SGK2,cytidine,0.8
CDK17,inosine,0.766666666666667
CDK17,isovalerylcarnitine,-0.733333333333333
CDK17,propionylcarnitine,-0.733333333333333
CDK17,guanosine,0.816666666666667
CDK17,AMP,0.75
CDK17,glucose,0.716666666666667
CDK17,glycine,0.766666666666667
CDK17,alanine,-0.85
PRKY,palmitic_acid,0.716666666666667
PRKY,stearic acid,0.716666666666667
PRKY,myristoylcarnitine,-0.733333333333333
PRKY,isovalerylcarnitine,-0.9
PRKY,propionylcarnitine,-0.916666666666667
PRKY,glycerol,0.8
PRKY,urea,0.716666666666667
PRKY,isoleucine,0.883333333333333
PRKY,methionine,0.75
PRKY,citrulline,0.816666666666667
PRKY,carnitine,-0.866666666666667
PRKY,guanosine,0.733333333333333
PRKY,histidine,0.733333333333333
PRKY,glucose,0.8
PRKY,N-acetylaspartate,0.8
PRKY,fructose 6-phosphate,-0.75
PRKY,uric acid,0.716666666666667
CLK3,choline,-0.85
RSKR,acetylcarnitine,0.816666666666667
RSKR,adenine,-0.716666666666667
RSKR,choline,0.9
RSKR,arginine,-0.766666666666667
CDK18,3-hydroxybutyrate,0.8
CDK18,lactate,-0.8
CDK18,gluconate,-0.716666666666667
CDK18,glycine,0.866666666666667
CDK18,glucose 6-phosphate,-0.733333333333333
RPS6KA6,acetylcarnitine,0.816666666666667
RPS6KA6,adenine,-0.716666666666667
RPS6KA6,choline,0.9
RPS6KA6,arginine,-0.766666666666667
